{
  "project_info": {
    "project_id": "mobilecomputationproject",
    "project_number": "577694608281",
    "name": "MobileComputationProject"
  },
  "client": [
    {
      "client_info": {
        "mobilesdk_app_id": "1:577694608281:android:ac2b4923c2bab9d0",
        "client_id": "android:chat.mobilecomputationproject.utilities",
        "client_type": 1,
        "android_client_info": {
          "package_name": "chat.mobilecomputationproject.utilities"
        }
      },
      "oauth_client": [],
      "api_key": [],
      "services": {
        "analytics_service": {
          "status": 1
        },
        "cloud_messaging_service": {
          "status": 2,
          "apns_config": []
        },
        "appinvite_service": {
          "status": 1,
          "other_platform_oauth_client": []
        },
        "google_signin_service": {
          "status": 1
        },
        "ads_service": {
          "status": 1
        }
      }
    }
  ],
  "client_info": [],
  "ARTIFACT_VERSION": "1"
}